{
  "frames": {
    "l_1.png": {
      "frame": {
        "x": 0,
        "y": 0,
        "w": 180,
        "h": 285
      },
      "rotated": false,
      "trimmed": false,
      "spriteSourceSize": {
        "x": 0,
        "y": 0,
        "w": 180,
        "h": 285
      },
      "sourceSize": {
        "w": 180,
        "h": 285
      },
      "pivot": {
        "x": 0.5,
        "y": 0.5
      }
    },
    "l_2.png": {
      "frame": {
        "x": 180,
        "y": 0,
        "w": 165,
        "h": 285
      },
      "rotated": false,
      "trimmed": false,
      "spriteSourceSize": {
        "x": 0,
        "y": 0,
        "w": 165,
        "h": 285
      },
      "sourceSize": {
        "w": 165,
        "h": 285
      },
      "pivot": {
        "x": 0.5,
        "y": 0.5
      }
    },
    "l_3.png": {
      "frame": {
        "x": 345,
        "y": 0,
        "w": 180,
        "h": 285
      },
      "rotated": false,
      "trimmed": false,
      "spriteSourceSize": {
        "x": 0,
        "y": 0,
        "w": 180,
        "h": 285
      },
      "sourceSize": {
        "w": 180,
        "h": 285
      },
      "pivot": {
        "x": 0.5,
        "y": 0.5
      }
    },
    "l_4.png": {
      "frame": {
        "x": 525,
        "y": 0,
        "w": 180,
        "h": 285
      },
      "rotated": false,
      "trimmed": false,
      "spriteSourceSize": {
        "x": 0,
        "y": 0,
        "w": 180,
        "h": 285
      },
      "sourceSize": {
        "w": 180,
        "h": 285
      },
      "pivot": {
        "x": 0.5,
        "y": 0.5
      }
    },
    "r_1.png": {
      "frame": {
        "x": 705,
        "y": 0,
        "w": 180,
        "h": 285
      },
      "rotated": false,
      "trimmed": false,
      "spriteSourceSize": {
        "x": 0,
        "y": 0,
        "w": 180,
        "h": 285
      },
      "sourceSize": {
        "w": 180,
        "h": 285
      },
      "pivot": {
        "x": 0.5,
        "y": 0.5
      }
    },
    "r_2.png": {
      "frame": {
        "x": 885,
        "y": 0,
        "w": 165,
        "h": 285
      },
      "rotated": false,
      "trimmed": false,
      "spriteSourceSize": {
        "x": 0,
        "y": 0,
        "w": 165,
        "h": 285
      },
      "sourceSize": {
        "w": 165,
        "h": 285
      },
      "pivot": {
        "x": 0.5,
        "y": 0.5
      }
    },
    "r_3.png": {
      "frame": {
        "x": 1050,
        "y": 0,
        "w": 180,
        "h": 285
      },
      "rotated": false,
      "trimmed": false,
      "spriteSourceSize": {
        "x": 0,
        "y": 0,
        "w": 180,
        "h": 285
      },
      "sourceSize": {
        "w": 180,
        "h": 285
      },
      "pivot": {
        "x": 0.5,
        "y": 0.5
      }
    },
    "r_4.png": {
      "frame": {
        "x": 1230,
        "y": 0,
        "w": 180,
        "h": 285
      },
      "rotated": false,
      "trimmed": false,
      "spriteSourceSize": {
        "x": 0,
        "y": 0,
        "w": 180,
        "h": 285
      },
      "sourceSize": {
        "w": 180,
        "h": 285
      },
      "pivot": {
        "x": 0.5,
        "y": 0.5
      }
    }
  },
  "animations": {
	"go_right": ["r_1.png","r_2.png","r_3.png","r_4.png"],
	"go_left": ["l_1.png","l_2.png","l_3.png","l_4.png"]
  },
  "meta": {
    "app": "http://ercaguysal.com",
    "version": "1.0.0",
    "image": "texture.png",
    "format": "RGBA8888",
    "size": {
      "w": 1410,
      "h": 285
    },
    "scale": 1
  }
}